original,parsed
????,
?????,
??????,
/,
.,
"00, Place de la Gare",00 Place De La Gare
02210 Montgru Saint Hilaire,Montgru Saint Hilaire 02210
02210 Oulchy le ChÃ¢teau,Oulchy Le Chã Teau 02210
02210 Rozet Saint Albin,Roz 02210 et Saint Albin
02210 Vierzy,Vierzy 02210
02400 Gland,Gland 02400
02470 Neuilly Saint Front,Saint Front Neuilly 02470
02 Juin 1940 (Rue Du),Rue Du 02 Juin 1940
02 Rue Alsace-Lorraine,02 Rue Alsace Lorraine
086 29460 HÃ´pital-Camfrout,086 Hã Pital Camfrout 29460
09 Place de la Pompe,09 Place De La Pompe
0 Lieu Dit Zollhausmatten,0 Lieu Dit Zollhausmatten
0 Lourliere 37160 la Celle-Saint-Avant,0 Lourliere Saint Avant La Celle 37160
0 Rue Eglise (De l'),0 Rue De L' Eglise
1000 Route DÃ©partementale 1090,1000 1090 Route Dã Partementale
1000 Rue de Gaulle (Charles),1000 Rue De Gaulle Charles
1000 Rue Ferdinand Janvier,1000 Rue Ferdinand Janvier
1000 Rue LÃ©on Blum 01500 AmbÃ©rieu-en-Bugey,1000 Rue Lã On Blum Ambã Rieu En Bugey 01500
1000 Rue LiÃ¨me (De La),1000 Rue De La Liã Me
"100/101, Quai de Paludate",100/101 Quai De Paludate
1001 Bis Avenue RÃ©publique (De La),1001 Bis Avenue De La Rã Publique
1001 Promenade de l'Etang 40200 Aureilhan,1001 Promenade De L Etang Aureilhan 40200
1001 Route MegÃ¨ve (De),1001 Route De Megã Ve
1001 Rue Isidore Berthet,1001 Rue Isidore Berth et 
1002 Route du Barroux 84330 Caromb,1002 Route Du Barroux Caromb 84330
1004 Route Douai (De),1004 Route De Douai
1005 Avenue Charles de Gaulle,1005 Avenue De Charles Gaulle
1006 Boulevard Lices (Des),1006 Boulevard Des Lices
1007 Avenue de la Mer 83140 Six-Fours-les-Plages,1007 Avenue De La Mer Six Fours Les Plages 83140
1007 Avenue Juin 1940 (De),1007 Avenue De Juin 1940
1007 Chemin Cassine (De La),1007 Chemin De La Cassine
1007 Route Annecy (D'),1007 Route D' Annecy
100 Ã  106 Rue Mazarin et 3 Ã  9 Rue Borda,100 106 Rue Ã Mazarin et 3 9 Rue Ã Borda
100 AllÃ©e Marguerites (Des),100 Des Allã E Marguerites
100 Avenue Alexandre Marqui,100 Avenue Alexandre Marqui
100 Avenue Arago (FranÃ§ois),100 Avenue Arago Franã Ois
100 Avenue BarthÃ©lemy Buyer,100 Avenue Barthã Lemy Buyer
100 Avenue Champollion,100 Avenue Champollion
100 Avenue de la LibÃ©ration,100 Avenue De La Libã Ration
100 Avenue de la RÃ©publique,100 Avenue De La Rã Publique
100 Avenue de Stalingrad 94120 Fontenay-Sous-Bois,100 Avenue De Stalingrad Fontenay Sous Bois 94120
100 Avenue Domont De,100 Avenue De Domont
100 Avenue Douze FÃ©vrier 1934 (Du),100 1934 Avenue Du Douze Fã Vrier
"100, Avenue du GÃ©nÃ©ral Leclerc",100 Avenue Du Gã Nã Ral Leclerc
100 Avenue Gastellier,100 Avenue Gastellier
100 Avenue GÃ©nÃ©ral de Gaulle (Du),100 Avenue De Du Gã Nã Ral Gaulle
100 Avenue Henri Barbusse,100 Avenue Henri Barbusse
100 Avenue Italie,100 Avenue Italie
100 Avenue Kennedy (Du PrÃ©sident John Fitzgerald),100 Avenue Du Kennedy Prã Sident John Fitzgerald
100 Avenue Leclerc (Du GÃ©nÃ©ral),100 Avenue Du Leclerc Gã Nã Ral
100 Avenue Paul KrÃ¼ger,100 Avenue Paul
100 Avenue President Kennedy,100 Avenue President Kennedy
100 Avenue RÃ©publique de La,100 Avenue De La Rã Publique
100 Avenue Saint-Vincent-de-Paul 40100 Dax,100 Avenue De Saint Paul Vincent Dax 40100
100 Avenue Suffren,100 Avenue Suffren
100 Avenue Villevieille,100 Avenue Villevieille
100 Avenue Villiers,100 Avenue Villiers
100 Bis Boulevard Joliot-Curie,100 Bis Boulevard Joliot Curie
100 Boulevard Belleville (NÂ° Pairs),100 Boulevard Nâ Pairs Belleville
100 Boulevard Brou (De),100 Boulevard De Brou
100 Boulevard Couteaux (Des),100 Boulevard Des Couteaux
100 Boulevard GalliÃ©ni,100 Boulevard Galliã Ni
100 Boulevard Gambetta,100 Boulevard Gamb et Ta
100 Boulevard NapolÃ©on Bullukian,100 Boulevard Napolã On Bullukian
100 Boulevard Romain Rolland,100 Boulevard Rolland Romain
100 Chemin de Chez Geutet,100 Chemin De Chez Geut et 
100 Chemin de Grety,100 Chemin De Gr et Y
"100 Chemin des Grandes HyÃ¨res, Zi des Paituotes",100 Chemin Des Des Grandes Hyã Res Zi Paituotes
100 Chemin Gabugy (Du),100 Chemin Du Gabugy
100 Chemin Roulattes (Des),100 Chemin Des Roulattes
100 Grande Rue,100 Rue Grande
100 Grande Rue de Saint-Clair,100 Rue De Grande Saint Clair
100 Impasse GlaciÃ¨re (De La),100 Impasse De La Glaciã Re
100 Impasse Joseph Cugnot,100 Impasse Joseph Cugnot
100 Impasse PlanÃ© (Du),100 Impasse Du Planã
100 Place CÃ©cillon du Perrier,100 Place Du Cã Cillon Perrier
100 Route BÃ¢le De,100 Route De Bã Le
"100, Route de Paris - N7",100 Route De Paris
100 Route ErnÃ©e (D'),100 Route D' Ernã E
100 Route Forbach (De),100 Route De Forbach
100 Route Nationale NÂ°6,100 6 Route Nationale Nâ
100 Route Savoie (De),100 Route De Savoie
100 Route Strasbourg (De),100 Route De Strasbourg
100 Rue 23 AoÃ»t 1944 (Du),100 23 1944 Rue Du Aoã T
100 Rue Alfred Krug,100 Rue Alfred Krug
100 Rue Amelot,100 Rue Amelot
100 Rue Anatole France,100 Rue Anatole France
100 Rue Antoine Durafour,100 Rue Antoine Durafour
100 Rue Aristide Briand,100 Rue Aristide Briand
100 Rue Benoit Frachon,100 Rue Benoit Frachon
"100, Rue Bernerie/ le Clion sur Mer",100 Rue Bernerie Le Clion Sur Mer
100 Rue Canteraine,100 Rue Canteraine
100 Rue Chambourg (De),100 Rue De Chambourg
100 Rue Chapelle,100 Rue Chapelle
100 Rue Colombes (De),100 Rue De Colombes
100 Rue Cornillat (De),100 Rue De Cornillat
100 Rue Curiaz (De La),100 Rue De La Curiaz
100 Rue Debourg,100 Rue Debourg
"100, Rue de Dole Face Ã  la Rue A. Ribot",100 Rue Rue De Face Ã La A Ribot Dole
100 Rue Defernez,100 Rue Defernez
100 Rue de la RÃ©publique 59238 Maretz,100 Rue De La Rã Publique Mar 59238 et Z
"100, Rue DÃ©sandrouins (Anc. NÂ°102)",100 102 Rue Dã Sandrouins Anc Nâ
100 Rue des Bordes,100 Rue Des Bordes
100 Rue des Vivants,100 Rue Des Vivants
100 Rue de Verdun 76600 le Havre,100 Rue De Verdun Le Havre 76600
"100, Rue d'HÃ©ricourt le Long de la Rn438",100 Rue De La D Hã Le Ricourt Long
100 Rue du Jardin Botanique,100 Rue Du Botanique Jardin
"100, Rue du Jeu de Paume",100 Rue Du De Jeu Paume
100 Rue du Mail,100 Rue Du Mail
100 Rue du Moulin Bateau 94380 Bonneuil-sur-Marne,100 Rue Du Moulin Bateau Bonneuil Sur Marne 94380
100 Rue du Moulin Fagot,100 Rue Du Moulin Fagot
100 Rue Dutreix (Armand),100 Rue Dutreix Armand
100 Rue Faubourg Saint-Martin,100 Rue Faubourg Saint Martin
100 Rue Folie-MÃ©ricourt,100 Rue Folie Mã Ricourt
100 Rue Gerland (De),100 Rue De Gerland
100 Rue Guesde (Jules),100 Rue Guesde Jules
100 Rue Henri Barbusse,100 Rue Henri Barbusse
"100, Rue Hoche",100 Rue Hoche
100 Rue Jean-Baptiste Biot,100 Rue Jean Baptiste Biot
100 Rue Jean JaurÃ¨s,100 Rue Jean Jaurã S
100 Rue Jeanne d Arc,100 Rue Jeanne D Arc
100 Rue KlÃ©ber,100 Rue Klã Ber
100 Rue Laquets (Des),100 Rue Laqu et Des S
100 Rue LÃ©on Blum,100 Rue Lã On Blum
100 Rue Louis Durand 42153 Riorges,100 Rue Louis Durand Riorges 42153
100 Rue Machoit,100 Rue Machoit
100 Rue MarÃ©chal Foch,100 Rue Marã Chal Foch
100 Rue Marietton,100 Rue Mari et Ton
100 Rue Maubec,100 Rue Maubec
100 Rue Maubeuge,100 Rue Maubeuge
100 Rue Montesquieu,100 Rue Montesquieu
100 Rue NicÃ©phore NiÃ©pce,100 Rue Nicã Phore Niã Pce
100 Rue Paris De,100 Rue De Paris
100 Rue Pasteur,100 Rue Pasteur
100 Rue Perronet,100 Rue Perron et 
100 Rue Pierre Brossolette 95590 Presles,100 Rue Pierre Brossol et Te Presles 95590
100 Rue Ponsardin 51100 Reims,100 Rue Ponsardin Reims 51100
100 Rue Principale,100 Rue Principale
100 Rue Rail Du,100 Rue Du Rail
100 Rue RÃ©publique (De La),100 Rue De La Rã Publique
100 Rue Richelieu,100 Rue Richelieu
100 Rue Roquette,100 Rue Roqu et Te
100 Rue Rouget de Lisle 95870 Bezons,100 Rue Roug et De Lisle Bezons 95870
100 Rue Saint-Fursy,100 Rue Saint Fursy
100 Rue Servient,100 Rue Servient
100 Rue Thiers,100 Rue Thiers
100 Rue TroÃ¨nes (Des),100 Rue Des Troã Nes
100 Rue Verdun (De),100 Rue De Verdun
100 Rue Vesoul (De),100 Rue De Vesoul
100 Square Tocqueville,100 Square Tocqueville
1010 Route Sillingy (De),1010 Route De Sillingy
101-105 Av Jean JaurÃ¨s,101 105 Av Jean Jaurã S
1011 Avenue RÃ©publique (De La),1011 Avenue De La Rã Publique
1011 Avenue Rive (De La),1011 Avenue De La Rive
"10/11, Place du Vieux MarchÃ©",10/11 Place Du Marchã Vieux
"10, 12, 14, 16 Bd Jules Verne",10 12 14 16 Bd Jules Verne
"10, 12, 14, Rue de la Fontaine",10 12 14 Rue De La Fontaine
"10, 12 Avenue de Chardonnet 3, 5, Place Guyon",10 12 Avenue De Chardonn et 3 5 Place Guyon
10-12 Avenue Jean JaurÃ¨s,10 12 Avenue Jean Jaurã S
"10-12, Route des Puits",10 12 Route Des Puits
"10-12, Rue Boulay, 71 Macon",10 12 71 Rue Boulay Macon
"10, 12 Rue de la Vieille Tour",10 12 Rue De La Vieille Tour
10-12 Rue de la Vielle Tour,10 12 Rue De La Vielle Tour
1012 Rue GÃ©nÃ©ral de Gaulle (Du),1012 Rue De Du Gã Nã Ral Gaulle
10/12 Rue Haudaudine,10/12 Rue Haudaudine
"10/12, Rue Nicolas Rambourg - Anc. Chemin de Panloup",10/12 Rue Chemin De Nicolas Rambourg Anc Panloup
10 - 13 Rue Pierre Landais,10 13 Rue Pierre Landais
10-14 Avenue LÃ©o Lagrange (Route de Gray),10 14 Avenue Route De Lã O Lagrange Gray
"10,14 Av Manon Cormier - 33530 Bassens",10 14 Av Manon Cormier Bassens 33530
1014 Route Malchamp (De),1014 Route De Malchamp
1015 Route Nationale 75,1015 75 Route Nationale
1015 Route Ruoms (De),1015 Route De Ruoms
1016 Route Saint Denis (De),1016 Route De Saint Denis
1019 Route des Pyrenees 31600 LamasquÃ¨re,1019 Route Des Pyrenees Lamasquã Re 31600
101 AllÃ©e Cerisiers (Des),101 Des Allã E Cerisiers
101 Av de la LibÃ©ration,101 De La Av Libã Ration
101 Avenue Ambroise Croizat,101 Avenue Ambroise Croizat
101 Avenue Berthelot,101 Avenue Berthelot
101 Avenue Bonhommes Des,101 Avenue Des Bonhommes
101 Avenue Castermant (Du Gendarme),101 Avenue Du Castermant Gendarme
101 Avenue Champs Elysees,101 Avenue Elysees Champs
101 Avenue Charles de Gaulle,101 Avenue De Charles Gaulle
101 Avenue Christiane Jansen,101 Avenue Christiane Jansen
101 Avenue de la Marne,101 Avenue De La Marne
101 Avenue du MarÃ©chal Foch 40990 Saint-Paul-lÃ¨s-Dax,101 Avenue Du Marã Chal Foch Saint Paul Lã S Dax 40990
101 Avenue Gambetta,101 Avenue Gamb et Ta
101 Avenue Gaston Monnerville,101 Avenue Gaston Monnerville
101 Avenue GÃ©nÃ©ral Leclerc Du,101 Avenue Du Gã Nã Ral Leclerc
101 Avenue Jean JaurÃ¨s; Anc. Rn,101 Avenue Jean Jaurã S et Anc Rn
101 Avenue Juin (Du MarÃ©chal),101 Avenue Du Juin Marã Chal
101 Avenue Marne (De La),101 Avenue De La Marne
101 Avenue OrlÃ©ans,101 Avenue Orlã Ans
101 Avenue Paul KrÃ¼ger,101 Avenue Paul
101 Avenue PÃ©ri (Gabriel),101 Avenue Pã Gabriel Ri
101 Avenue Republique,101 Avenue Republique
101 Avenue Rouget de Lisle 94400 Vitry-sur-Seine,101 Avenue Roug et De Lisle Vitry Sur Seine 94400
101 Avenue Sadi Carnot,101 Avenue Sadi Carnot
101 Avenue Victoire (De La),101 Avenue De La Victoire
101 Avenue Wilson (Du PrÃ©sident),101 Avenue Du Wilson Prã Sident
101 Avenue Yves Farge,101 Avenue Farge Yves
101 Bd EgalitÃ©,101 Bd Egalitã
101 Bis Avenue General Michel Bizot,101 Bis Avenue General Michel Bizot
101 Bis Avenue Kennedy,101 Bis Avenue Kennedy
101 Bis Rue Briand (Aristide),101 Bis Rue Briand Aristide
101Bis Rue Lafontaine,101Bis Rue Lafontaine
"101Bis, Rue Marceau Martin",101Bis Rue Marceau Martin
101 Bis Rue Mouffetard,101 Bis Rue Mouff et Ard
101 Bld de la Plage,101 De La Bld Plage
101 Boulevard Brune,101 Boulevard Brune
101 Boulevard Camille Flammarion,101 Boulevard Camille Flammarion
101 Boulevard Chave 13005 Marseille,101 Boulevard Chave Marseille 13005
101 Boulevard Descat (Anc. NÂ°1 d'AprÃ¨s Ra 1922),101 1 1922 Boulevard Descat Anc Nâ D Aprã S Ra
101 Boulevard du Havre 95220 Herblay-sur-Seine,101 Boulevard Du Havre Herblay Sur Seine 95220
101 Boulevard Emile Zola,101 Boulevard Emile Zola
101 Boulevard Gambetta,101 Boulevard Gamb et Ta
101 Boulevard IrÃ¨ne Joliot-Curie,101 Boulevard Irã Ne Joliot Curie
101 Boulevard JaurÃ¨s (Jean),101 Boulevard Jaurã S Jean
101 Boulevard Mortier,101 Boulevard Mortier
101 Boulevard Murat,101 Boulevard Murat
101 Boulevard Paul Vaillant Couturier 94200 Ivry-sur-Seine,101 Boulevard Paul Couturier Vaillant Ivry Sur Seine 94200
101 Chemin du Cresson,101 Chemin Du Cresson
101 Chemin Tronchon (Du),101 Chemin Du Tronchon
101 Cours Balguerie Stuttenberg,101 Cours Balguerie Stuttenberg
101 Cours Fauriel,101 Cours Fauriel
101 Cours TolstoÃ¯,101 Cours Tolstoã
101 Cours Vincennes,101 Cours Vincennes
101 DÃ©partementale,101 Dã Partementale
"101Ãme Airborn, (Rue de La)",Rue De La Me Airborn
"101 et 124 Ter, Boulevard Pasteur",101 et 124 Boulevard Ter Pasteur
101 Grand Rue,101 Rue Grand
101 MÃ©trique,101 Mã Trique
101 Place LibÃ©ration (De La),101 Place De La Libã Ration
101 Route Cascades (Des),101 Route Des Cascades
101 Route de St MÃ©dard et Rue H. Collignon,101 Route De St Mã Dard et Rue H Collignon
"101, Route de Tours; Rn 158 de Tours Ã  Caen, Entre d 39 et Ad 796",101 Route De Tours et 158 39 De Rn Ã Entre D Tours Caen et 796 Ad
101 Route Genas (De),101 Route De Genas
101 Route Grenoble (De),101 Route De Grenoble
101 Route Nationale,101 Route Nationale
101 Route Nationale 25,101 25 Route Nationale
101 Route Rouffach De,101 Route De Rouffach
101 Route Saint Leu De,101 Route De Saint Leu
101 Rue 1Er Mars 1943 (Du),101 1Er Rue Du Mars 1943
101 Rue Abbe Groult,101 Rue Abbe Groult
101 Rue Angers (David d'),101 Rue D' David Angers
101 Rue Blum (LÃ©on),101 Rue Blum Lã On
101 Rue Brunet (Lucien),101 Rue Brun et Lucien
101 Rue Bugeaud,101 Rue Bugeaud
101 Rue ChÃ¢teau des Rentiers,101 Rue Des Chã Teau Rentiers
101 Rue Chinchauvaud (Du),101 Rue Du Chinchauvaud
101 Rue Claude Decaen,101 Rue Claude Decaen
101 Rue Convention (De La),101 Rue De La Convention
101 Rue Croix de Seguey 33000 Bordeaux,101 Rue De Seguey Croix Bordeaux 33000
101 Rue d'Alsace 88100 Saint-DiÃ©-des-Vosges,101 Rue Des D Alsace Saint Diã 88100 Vosges
101 Rue DauphinÃ© (Du),101 Rue Du Dauphinã
"101, Rue de BesanÃ§on",101 Rue De Besanã On
"101, Rue de Bretagne",101 Rue De Br et Agne
101 Rue Dedieu,101 Rue Dedieu
101 Rue de Gaulle,101 Rue De Gaulle
101 Rue de la Miriette,101 Rue De La Miri et Te
"101, Rue de la Pyramide",101 Rue De La Pyramide
"101, Rue de la RÃ©publique",101 Rue De La Rã Publique
101 Rue de la RÃ©publique 50600 Saint-Hilaire-du-HarcouÃ«t,101 Rue De La Du Rã Publique Saint Hilaire Harcouã T 50600
"101, Rue de la RÃ©publique - Cauderan",101 Rue De La Rã Publique Cauderan
101 Rue de Lille - Parcelles 350 - 351 - 540,101 350 351 540 Rue De Parcelles Lille
101 Rue de MÃ©riadeck,101 Rue De Mã Riadeck
101 Rue de Nancy,101 Rue De Nancy
101 Rue de Stalingrad 76140 le Petit-Quevilly,101 Rue De Stalingrad Le P 76140 et It Quevilly
"101, Rue de Vesoul",101 Rue De Vesoul
101 Rue d'Himbaumont,101 Rue D Himbaumont
101 Rue du Faubourg Saint-HonorÃ© 75008 Paris,101 Rue Du Faubourg Saint Honorã 75008 Paris
101 Rue du Rhin NapolÃ©on 67000 Strasbourg,101 Rue Du Rhin Napolã On Strasbourg 67000
101 Rue Emptes (Des),101 Rue Des Emptes
"101, Rue Etienne Dolet et Rue de la Carbonisation",101 Rue Etienne Dol et  et Rue De La Carbonisation
101 Rue Faubourg de Hem (Du),101 Rue De Du Faubourg Hem
101 Rue Gabriel PÃ©ri,101 Rue Gabriel Pã Ri
101 Rue Garibaldi,101 Rue Garibaldi
101 Rue GlaciÃ¨re,101 Rue Glaciã Re
101 Rue GouÃ©dic (De),101 Rue De Gouã Dic
101 Rue Guillaume Leblanc,101 Rue Guillaume Leblanc
101 Rue Jean JaurÃ¨s 42800 Rive-de-Gier,101 Rue De Jean Jaurã S Rive Gier 42800
"101 Rue Jean JaurÃ¨s Ex,Route de Dargnies)",101 Rue Route De Jean Jaurã S Ex Dargnies
101 Rue Joffre (Du MarÃ©chal),101 Rue Du Joffre Marã Chal
101 Rue Jules Ferry,101 Rue Jules Ferry
101 Rue Kingersheim De,101 Rue De Kingersheim
101 Rue Leblanc,101 Rue Leblanc
101 Rue LÃ©on Geffroy 94400 Vitry-sur-Seine,101 Rue Lã On Geffroy Vitry Sur Seine 94400
101 Rue Lyon (De),101 Rue De Lyon
101 Rue Magenta,101 Rue Magenta
"101, Rue Malseigne (Face Ã  la Gendarmerie)",101 Rue Malseigne Face Ã La Gendarmerie
101 Rue Marius Petit,101 Rue Marius P et It
101 Rue Moines,101 Rue Moines
101 Rue Morillons,101 Rue Morillons
101 Rue Nancy (De),101 Rue De Nancy
101 Rue Paris (De),101 Rue De Paris
101 Rue Pasteur,101 Rue Pasteur
101 Rue Paul Bert,101 Rue Paul Bert
101 Rue Pierre Corneille,101 Rue Pierre Corneille
"101, Rue Prunier",101 Rue Prunier
101 Rue Rambuteau,101 Rue Rambuteau
101 Rue RÃ©aumur,101 Rue Rã Aumur
101 Rue Recollets (Des),101 Rue Recoll et Des S
101 Rue RÃ©publique (De La),101 Rue De La Rã Publique
101 Rue Rochenoire (De),101 Rue De Rochenoire
101 Rue Saint-Cyr (De),101 Rue De Saint Cyr
101 Rue SÃ¨ze (De),101 Rue De Sã Ze
101 Rue Sommerville (De),101 Rue De Sommerville
101 Rue Sonia Delaunay,101 Rue Sonia Delaunay
101 Rue St Martin,101 Rue St Martin
101 Rue Tolbiac,101 Rue Tolbiac
101 Rue Tourcoing (De),101 Rue De Tourcoing
101 Rue Trois Pierres (Des),101 Rue Des Trois Pierres
101 Rue Universite,101 Rue Universite
101 Rue Vaillant Couturier,101 Rue Couturier Vaillant
101 Rue Vesoul (De),101 Rue De Vesoul
101 Rue Villiers de l'Isle Adam,101 Rue De L Adam Villiers Isle
101 Rue Villon,101 Rue Villon
101 Ter Rue Rabats (Des),101 Rue Des Ter Rabats
101 Voie de la LibertÃ© 57160 Scy-Chazelles,101 Voie De La Libertã Scy Chazelles 57160
1021 Rue Centrale (De La),1021 Rue De La Centrale
1021 Rue Nationale,1021 Rue Nationale
1021 Rue RÃ©publique (De La),1021 Rue De La Rã Publique
1026 Avenue Charles de Gaulle,1026 Avenue De Charles Gaulle
1026 Route Oratoire (De l'),1026 Route De L' Oratoire
1028 Route Tram (Du),1028 Route Du Tram
1028 Rue Touquet (Du),1028 Rue Touqu et Du
1029 Avenue Motte Servolex (De La),1029 Avenue De La Motte Servolex
1029 Rue Pont (Du),1029 Rue Du Pont
102 Ã  118 Rue Carnot,102 118 Rue Ã Carnot
102 Av Emile Counord,102 Av Emile Counord
102 Avenue 3Ãme,102 Avenue Me
102 Avenue AmÃ©dÃ©e Mercier,102 Avenue Amã Dã E Mercier
102 Avenue Charles de Gaulle,102 Avenue De Charles Gaulle
102 Avenue ClÃ©ment (Jean-Baptiste),102 Avenue Clã Ment Jean Baptiste
102 Avenue Colonel Rousset (Du),102 Avenue Colonel Rouss et Du
102 Avenue de Lattre de Tassigny (Du MarÃ©chal),102 Avenue De De Du Lattre Tassigny Marã Chal
102 Avenue de Vichy Rd 906,102 906 Avenue De Rd Vichy
102 Avenue Domont De,102 Avenue De Domont
102 Avenue du GÃ©nÃ©ral de Gaulle 94500 Champigny-sur-Marne,102 Avenue Du De Gã Nã Ral Gaulle Champigny Sur Marne 94500
102 Avenue Gabriel PÃ©ri,102 Avenue Gabriel Pã Ri
102 Avenue Gabriel PÃ©ri 95870 Bezons,102 Avenue Gabriel Pã Ri Bezons 95870
102 Avenue GÃ©nÃ©ral Leclerc (Du),102 Avenue Du Gã Nã Ral Leclerc
102 Avenue Georges ClÃ©menceau,102 Avenue Georges Clã Menceau
102 Avenue Georges ClÃ©menceau 94360 Bry-sur-Marne,102 Avenue Georges Clã Menceau Bry Sur Marne 94360
102 Avenue Jean JaurÃ¨s,102 Avenue Jean Jaurã S
102 Avenue Jean Jaures 95100 Argenteuil,102 Avenue Jean Jaures Argenteuil 95100
"102 Avenue Jean Lombard, 13011 Marseille",102 Avenue Jean Marseille Lombard 13011
102 Avenue Louis Torcatis,102 Avenue Louis Torcatis
102 Avenue MarÃ©chal Soubielle Du,102 Avenue Du Marã Chal Soubielle
102 Avenue Morizet (AndrÃ©),102 Avenue Moriz et Andrã
102 Avenue PÃ©ri (Gabriel),102 Avenue Pã Gabriel Ri
102 Avenue Roger Salengro,102 Avenue Roger Salengro
102 Avenue Simon Bolivar,102 Avenue Simon Bolivar
102 Avenue Varlin (EugÃ¨ne),102 Avenue Varlin Eugã Ne
102 Avenue Victor Hugo,102 Avenue Victor Hugo
102 Avenue Wilson (Du PrÃ©sident),102 Avenue Du Wilson Prã Sident
"102, Av H. Barbusse Colombe",102 Av H Barbusse Colombe
"102, Av. PoincarÃ©",102 Av Poincarã
"102, Bd Desnorieux",102 Bd Desnorieux
102 Bis Avenue General Michel Bizot,102 Bis Avenue General Michel Bizot
102Bis Rue d'Orchies,102Bis Rue D Orchies
102 Boulevard Amiral Mouchez 76600 le Havre,102 Boulevard Amiral Mouchez Le Havre 76600
102 Boulevard Beaumarchais,102 Boulevard Beaumarchais
102 Boulevard Blancarde (De La),102 Boulevard De La Blancarde
102 Boulevard Brou (De),102 Boulevard De Brou
102 Boulevard Charonne,102 Boulevard Charonne
"102, Boulevard Demorieux",102 Boulevard Demorieux
102 Boulevard de Plombieres 13014 Marseille,102 Boulevard De Plombieres Marseille 13014
102 Boulevard JaurÃ¨s (Jean),102 Boulevard Jaurã S Jean
102 Boulevard Metz (De),102 Boulevard M et De Z
102 Boulevard Pommery 51100 Reims,102 Boulevard Pommery Reims 51100
102 Boulevard Valmy (De),102 Boulevard De Valmy
102 Boulevard Villette,102 Boulevard Vill et Te
102 Chemin de Courbois 59163 CondÃ©-sur-l'Escaut,102 Chemin De Courbois Condã Sur L Escaut 59163
102 Chemin Grafenberg (De),102 Chemin De Grafenberg
102 Cours Lafayette,102 Cours Lafay et Te
102 Cours V. Higo,102 Cours V Higo
102 Cours Vincennes,102 Cours Vincennes
102 Faubourg AngoulÃ¨me (D'),102 D' Faubourg Angoulã Me
"102, Faubourg de Tournai Devenu Route de Tournai",102 Route De De Faubourg Tournai Devenu Tournai
102 Grande Rue,102 Rue Grande
102 Place Louis Gay,102 Place Louis Gay
102 Place Saint Nicolas,102 Place Saint Nicolas
102 Plan Long,102 Plan Long
"102, Quai de Paludate",102 Quai De Paludate
102 Route Annecy (D'),102 Route D' Annecy
102 Route BÃ©thune (De),102 Route De Bã Thune
102 Route de la LibÃ©ration 94430 ChenneviÃ¨res-sur-Marne,102 Route De La Libã Ration Chenneviã Res Sur 94430 Marne
102 Route de Lyon 84000 Avignon,102 Route De Lyon Avignon 84000
102 Route Doullens De,102 Route De Doullens
102 Route GenÃ¨ve (De),102 Route De Genã Ve
102 Route Grenoble (De),102 Route De Grenoble
102 Route LibÃ©ration (De La),102 Route De La Libã Ration
102 Route Lyon (De),102 Route De Lyon
102 Route Saint Julien du Puy,102 Route Du Saint Julien Puy
102 Route Strasbourg (De),102 Route De Strasbourg
102 Route Valence (De),102 Route De Valence
102 Route Versin (De),102 Route De Versin
102 Rue Aboukir,102 Rue Aboukir
102 Rue Achard,102 Rue Achard
102 Rue Amiens (D'),102 Rue D' Amiens
102 Rue Arras (D'),102 Rue D' Arras
102 Rue Bouvines (De),102 Rue De Bouvines
102 Rue Charonne,102 Rue Charonne
102 Rue Chelles (De),102 Rue De Chelles
102 Rue Cherche-Midi,102 Rue Cherche Midi
102 Rue Clemenceau,102 Rue Clemenceau
102 Rue CollÃ¨ge (Du),102 Rue Du Collã Ge
102 Rue CyprÃ¨s (Des),102 Rue Des Cyprã S
102 Rue de Gaulle (Du GÃ©nÃ©ral),102 Rue De Du Gaulle Gã Nã Ral
102 Rue de la Montat 42100 Saint-Ãtienne,102 Rue De La Montat Saint Ã Tienne 42100
102 Rue de l'Ãglise 67150 Nordhouse,102 Rue De L' Ã Glise Nordhouse 67150
102 Rue de l' Estey de BÃ¨gles,102 Rue De L' De Estey Bã Gles
"102, Rue de Mauves",102 Rue De Mauves
102 Rue Dolet (Etienne),102 Rue Dol et Etienne
"102, Rue du SÃ©nÃ©chal",102 Rue Du Sã Nã Chal
102 Rue Edouard Isambard 27120 Pacy-sur-Eure,102 Rue Edouard Isambard Pacy Sur Eure 27120
102 Rue Faubourg (De Bethune),102 Rue De Faubourg B et Hune
102 Rue Faubourg PoissonniÃ¨re,102 Rue Faubourg Poissonniã Re
102 Rue Fleury Jay,102 Rue Jay Fleury
102 Rue FossÃ© Blanc (Du),102 Rue Du Fossã Blanc
102 Rue Gabriel PÃ©ri,102 Rue Gabriel Pã Ri
102 Rue GÃ©nÃ©ral de Gaulle (Du),102 Rue De Du Gã Nã Ral Gaulle
102 Rue Georges Toussaint,102 Rue Georges Toussaint
102 Rue Jean JaurÃ¨s,102 Rue Jean Jaurã S
102 Rue Jean JaurÃ¨s 51000 ChÃ¢lons-en-Champagne,102 Rue Jean Jaurã S Chã En Lons Champagne 51000
102 Rue Marne (De La),102 Rue De La Marne
102 Rue Martyrs de la LibÃ©ration (Des),102 Rue De La Des Martyrs Libã Ration
102 Rue Massena,102 Rue Massena
102 Rue MassÃ©na,102 Rue Massã Na
102 Rue Maurice Flandin,102 Rue Maurice Flandin
102 Rue Monge,102 Rue Monge
102 Rue Monstesquieu,102 Rue Monstesquieu
102 Rue Octave Tierce,102 Rue Octave Tierce
102 Rue Ordener,102 Rue Ordener
102 Rue Paix de La,102 Rue De La Paix
102 Rue Paris (De),102 Rue De Paris
102 Rue Perrin (FranÃ§ois),102 Rue Perrin Franã Ois
102 Rue Preize,102 Rue Preize
102 Rue Provence,102 Rue Provence
"102, Rue Raccordement",102 Rue Raccordement
102 Rue Rembault,102 Rue Rembault
102 Rue Reuilly,102 Rue Reuilly
102 Rue Rouquier (Louis),102 Rue Rouquier Louis
102 Rue Sainte Anne,102 Rue Sainte Anne
102 Rue Salengro (Roger),102 Rue Salengro Roger
102 Rue Sommeville,102 Rue Sommeville
102 Rue Sommeville (De),102 Rue De Sommeville
102 Rue Vieille du Temple,102 Rue Du Vieille Temple
102 Rue Vigne (De La),102 Rue De La Vigne
1030 Avenue LÃ©man (Du),1030 Avenue Du Lã Man
1030 MontÃ©e Long (Du),1030 Du Montã E Long
1030 Route Pouilly (De),1030 Route De Pouilly
103/105 Bis Rue Paulin,103/105 Rue Bis Paulin
1031 Avenue Charles Albert,1031 Avenue Charles Albert
1031 Chemin du Mourgon 84800 l'Isle-sur-la-Sorgue,1031 Chemin Du Mourgon L Sur La Sorgue Isle 84800
1032 Avenue AndrÃ© Pringolliet,1032 Avenue Andrã Pringolli et 
1032 Avenue Joux (De),1032 Avenue De Joux
1032 Route Monts d'Or (Des),1032 Route Des D Or Monts
1034 Avenue Salengro (Roger),1034 Avenue Salengro Roger
1034 MÃ©trique,1034 Mã Trique
"1036, Route de JuliÃ¨nas, 71 Macon",1036 71 Route De Juliã Nas Macon
1037 Avenue Champ de Foire (Du),1037 Avenue De Du Champ Foire
1038 Avenue Milly (De),1038 Avenue De Milly
1038 Route Albens (Des),1038 Route Des Albens
"103 Ã  115, Rue de l'AngeviniÃ¨re",103 115 Rue De Ã L Angeviniã Re
103 Avenue Albert Raimond,103 Avenue Raimond Albert
103 Avenue Alphonse Denis 83400 HyÃ¨res,103 Avenue Alphonse Denis Hyã Res 83400
103 Avenue Carnot,103 Avenue Carnot
103 Avenue Champs Elysees,103 Avenue Elysees Champs
103 Avenue Charles de Gaulle,103 Avenue De Charles Gaulle
103 Avenue de la Victoire 94310 Orly,103 Avenue De La Victoire Orly 94310
103 Avenue de Metz 51000 ChÃ¢lons-en-Champagne,103 Avenue De M et Z Chã En Lons Champagne 51000
103 Avenue de Verdun 94200 Ivry-sur-Seine,103 Avenue De Verdun Ivry Sur Seine 94200
103 Avenue Division Leclerc de La,103 Avenue De La Division Leclerc
103 Avenue du Moulin de Saquet 94400 Vitry-sur-Seine,103 Avenue Du De Moulin Saqu et Vitry Sur Seine 94400
103 Avenue Flandre,103 Avenue Flandre
103 Avenue JaurÃ¨s (Jean),103 Avenue Jaurã S Jean
103 Avenue Leclerc,103 Avenue Leclerc
103 Avenue MarÃ©chal de Saxe (Du),103 Avenue De Du Marã Chal Saxe
103 Avenue Marne (De La),103 Avenue De La Marne
103 Avenue Mont-Blanc (Du),103 Avenue Du Blanc Mont
103 Avenue Motte (Alfred),103 Avenue Motte Alfred
103 Avenue Parmentier,103 Avenue Parmentier
103 Avenue Paul KrÃ¼ger,103 Avenue Paul
103 Avenue Pierre SÃ©mard,103 Avenue Pierre Sã Mard
103 Avenue Prado (Du),103 Avenue Du Prado
103 Avenue ProgrÃ¨s (Du),103 Avenue Du Progrã S
103 Avenue RÃ©publique (De La),103 Avenue De La Rã Publique
103 Avenue Rouget de Lisle 94400 Vitry-sur-Seine,103 Avenue Roug et De Lisle Vitry Sur Seine 94400
103 Avenue Victor Hugo,103 Avenue Victor Hugo
103 Bis Rte du Medoc,103 Bis Du Rte Medoc
103 Bis Rue Evrard (Florent),103 Bis Rue Evrard Florent
103 Bis Rue Villemontais (De),103 Bis Rue De Villemontais
103 Boulevard Auguste Blanqui,103 Boulevard Auguste Blanqui
103 Boulevard Barasse (De La) - NÂ°103 Ã  131,103 103 131 Boulevard De La Barasse Nâ Ã
103 Boulevard Danielle Casanova,103 Boulevard Danielle Casanova
103 Boulevard de Stalingrad 94400 Vitry-sur-Seine,103 Boulevard De Stalingrad Vitry Sur Seine 94400
103 Boulevard Eurvrin,103 Boulevard Eurvrin
103 Boulevard Jean Charcot,103 Boulevard Jean Charcot
103 Boulevard Saint Loup (De),103 Boulevard De Saint Loup
103 Boulevard Saint-Symphorien 57050 Longeville-lÃ¨s-Metz,103 Boulevard Saint Symphorien Lã S M Longeville 57050 et Z
103 Boulevard Sakakini,103 Boulevard Sakakini
103 Boulevard Verdun (De),103 Boulevard De Verdun
103 Cours Emile Zola,103 Cours Emile Zola
103 Cours Fauriel,103 Cours Fauriel
103 Cours Richard Vitton,103 Cours Richard Vitton
103 Faubourg Colmar De,103 De Faubourg Colmar
103 Faubourg de Nancy,103 De Faubourg Nancy
103 Grande Rue,103 Rue Grande
103 Grande Rue 54530 Arnaville,103 Rue Grande Arnaville 54530
103 Grande Rue de la GuillotiÃ¨re,103 Rue De La Grande Guillotiã Re
103 Grande Rue de Saint-Clair,103 Rue De Grande Saint Clair
103 Quai Bargy (Du),103 Quai Du Bargy
"103, Quai de Paludate",103 Quai De Paludate
103 Route Courses (Des),103 Route Des Courses
103 Route de Cernay 51100 Reims,103 Route De Cernay Reims 51100
"103, Route de Lyon  - N7",103 Route De Lyon
103 Route Gare (De La),103 Route De La Gare
103 Route Genas (De),103 Route De Genas
103 Route Montlignon De,103 Route De Montlignon
103 Route Nationale 7,103 7 Route Nationale
103 Route Strasbourg (De),103 Route De Strasbourg
103 Rue Alexandre Dumas,103 Rue Alexandre Dumas
103 Rue Antoine Durafour,103 Rue Antoine Durafour
103 Rue Anvers (D),103 Rue Anvers D
103 Rue Aristide Briand,103 Rue Aristide Briand
103 Rue BarbÃ¢tre Du,103 Rue Du Barbã Tre
103 Rue BÃ©chevelin,103 Rue Bã Chevelin
103 Rue Charles Iii,103 Rue Charles Iii
103 Rue Claude Decaen,103 Rue Claude Decaen
103 Rue de Bonnel 69003 Lyon,103 Rue De Bonnel Lyon 69003
"103, Rue de la Mariette",103 Rue De La Mari et Te
103 Rue de Ligny 55500 Velaines,103 Rue De Ligny Velaines 55500
103 Rue des Freres Templet,103 Rue Des Freres Templ et 
"103, Rue des Martyrs de la RÃ©sistances",103 Rue Des De La Martyrs Rã Sistances
"103, Rue d'Estournelles de Constant (Route du Mans - d 300)",103 300 Rue Route De Du D Estournelles Constant Mans D
"103, Rue du Gl Leclerc - Cd 34",103 34 Rue Du Gl Leclerc Cd
103 Rue Duguesclin,103 Rue Duguesclin
103 Rue du President Wilson 71200 le Creusot,103 Rue Du President Wilson Le Creusot 71200
103 Rue Edouard Herriot,103 Rue Edouard Herriot
103 Rue Faubourg Saint-Denis,103 Rue Faubourg Saint Denis
103 Rue Ferdinand Berthoux,103 Rue Ferdinand Berthoux
103 Rue GÃ©nÃ©ral de Gaulle (Du),103 Rue De Du Gã Nã Ral Gaulle
103 Rue GÃ©nÃ©ral Leclerc Du,103 Rue Du Gã Nã Ral Leclerc
103 Rue Gerland (De),103 Rue De Gerland
103 Rue Grand Pont (Du),103 Rue Du Grand Pont
103 Rue Grenelle,103 Rue Grenelle
103 Rue Jardins (Des),103 Rue Des Jardins
103 Rue Jean JaurÃ¨s 94700 Maisons-Alfort,103 Rue Jean Jaurã S Maisons Alfort 94700
103 Rue Joffre (Du Marechal),103 Rue Du Joffre Marechal
103 Rue Joseph Abria,103 Rue Joseph Abria
103 Rue Jouffroy d Abbans,103 Rue Jouffroy D Abbans
103 Rue Jules Ferry,103 Rue Jules Ferry
103 Rue Lafontaine,103 Rue Lafontaine
103 Rue LÃ©guÃ© (Du),103 Rue Du Lã Guã
103 Rue LÃ©on Geffroy 94400 Vitry-sur-Seine,103 Rue Lã On Geffroy Vitry Sur Seine 94400
103 Rue Levant (Du),103 Rue Du Levant
103 Rue Mont-Blanc (Du),103 Rue Du Blanc Mont
103 Rue Paris De,103 Rue De Paris
103 Rue Pasteur,103 Rue Pasteur
103 Rue Point du Jour (Du),103 Rue Du Du Point Jour
103 Rue Preize,103 Rue Preize
103 Rue Professeur Beauvisage (Du),103 Rue Du Professeur Beauvisage
103 Rue Reiningue De,103 Rue De Reiningue
103 Rue Rennes,103 Rue Rennes
103 Rue Saint-Fursy,103 Rue Saint Fursy
"103, Rue Schnetz",103 Rue Schn et Z
"103, Rue St Georges",103 Rue St Georges
103 Rue Thiers ProlongÃ©e,103 Rue Prolongã E Thiers
103 Rue Tocqueville,103 Rue Tocqueville
103 Rue Tolbiac,103 Rue Tolbiac
103 Rue Vaillant-Couturier (Paul),103 Rue Couturier Paul Vaillant
103 Rue Vesoul (De),103 Rue De Vesoul
103 Rue Victor Hugo,103 Rue Victor Hugo
103 Rue Villiers Adam  De,103 Rue De Villiers Adam
103 Rue Villon,103 Rue Villon
103 Ter Avenue GÃ©nÃ©ral Leclerc,103 Avenue Ter Gã Nã Ral Leclerc
103 Voie Lettres,103 Voie L et Tres
1040 Route Annecy (D'),1040 Route D' Annecy
1040 Route Dranse (De La),1040 Route De La Dranse
1040 Rue Gex (De),1040 Rue De Gex
1043 Avenue GenÃ¨ve (De),1043 Avenue De Genã Ve
1043 Avenue Mont d'Arbois (Du),1043 Avenue Du D Mont Arbois
1043 Rue du MarÃ©chal Foch 42153 Riorges,1043 Rue Du Marã Chal Foch Riorges 42153
1044 Chemin Sourdaine de La,1044 Chemin De La Sourdaine
1045 Avenue Emile Bodin,1045 Avenue Emile Bodin
1046 Route Echets (Des),1046 Route Ech et Des S
"1047 Avenue Languedoc du, Anciennement 169 Avenue du Languedoc",1047 169 Avenue Avenue Du Du Languedoc Anciennement Languedoc
1047 Rue Aristide Briand 76650 Petit-Couronne,1047 Rue Aristide Briand P 76650 et It Couronne
1048 Avenue Charles de Gaulle,1048 Avenue De Charles Gaulle
1049 Route des Amias 88290 Saulxures-sur-Moselotte,1049 Route Des Amias Saulxures Sur Moselotte 88290
104 Avenue Anatole France 94400 Vitry-sur-Seine,104 Avenue Anatole France Vitry Sur Seine 94400
104 Avenue Briand (Aristide),104 Avenue Briand Aristide
104 Avenue Carnot,104 Avenue Carnot
104 Avenue Charles de Gaulle,104 Avenue De Charles Gaulle
104 Avenue de Champagne 51300 Frignicourt,104 Avenue De Champagne Frignicourt 51300
104 Avenue de Lattre de Tassigny,104 Avenue De De Lattre Tassigny
104 Avenue du 20 Ãme Corps,104 20 Avenue Du Ã Me Corps
104 Avenue du GÃ©nÃ©ral Leclerc,104 Avenue Du Gã Nã Ral Leclerc
"104 Avenue du GÃ©nÃ©ral Leclerc, la PonÃ©tie",104 Avenue Du Gã Nã Ral Leclerc La Ponã Tie
104 Avenue du Luxembourg 54440 Herserange,104 Avenue Du Luxembourg Herserange 54440
104 Avenue Europe de L,104 Avenue De Europe L
104 Avenue Flandre,104 Avenue Flandre
104 Avenue FrÃ¨res LumiÃ¨re (Des),104 Avenue Des Frã Res Lumiã Re
104 Avenue Gabriel PÃ©ri,104 Avenue Gabriel Pã Ri
104 Avenue Gare (De La),104 Avenue De La Gare
104 Avenue Jean JaurÃ¨s,104 Avenue Jean Jaurã S
104 Avenue Jean JaurÃ¨s 90000 Belfort,104 Avenue Jean Jaurã S Belfort 90000
104 Avenue LauziÃ¨re (De La),104 Avenue De La Lauziã Re
104 Avenue Ledru-Rollin,104 Avenue Ledru Rollin
104 Avenue Pasteur,104 Avenue Pasteur
104 Avenue Pierre Dumont,104 Avenue Pierre Dumont
104 Avenue President Kennedy,104 Avenue President Kennedy
104 Avenue Saint Vincent de Paul,104 Avenue De Saint Paul Vincent
104 Avenue Saint-Vincent-de-Paul 40100 Dax,104 Avenue De Saint Paul Vincent Dax 40100
104 Avenue Strasbourg (De),104 Avenue De Strasbourg
104 Avenue Victor Hugo,104 Avenue Victor Hugo
104 Bd Jeanne d'Arc Devenu 730 - 746 MÃ©triques,104 730 746 Bd Jeanne D Arc Devenu Mã Triques
104 Bis Rue Chaillot De,104 Bis Rue De Chaillot
104 Bis Rue Jean Mounet,104 Bis Rue Jean Moun et 
104 Boulevard de Gaulle (Charles),104 Boulevard De Gaulle Charles
"104, Boulevard Demorieux",104 Boulevard Demorieux
104 Boulevard Sakakini,104 Boulevard Sakakini
104 Boulevard Serurier,104 Boulevard Serurier
104 Boulevard Voltaire,104 Boulevard Voltaire
104 Boulevard Wilson,104 Boulevard Wilson
104 Chemin Charbonnier (Du),104 Chemin Du Charbonnier
104 Chemin Gabugy (De),104 Chemin De Gabugy
104 Cours Vitton,104 Cours Vitton
104 Esplanade,104 Esplanade
104 Fg de BesanÃ§on,104 De Fg Besanã On
104 Grande Rue de Saint-Clair,104 Rue De Grande Saint Clair
104 MÃ©trique,104 Mã Trique
"104, Quai de Paludate",104 Quai De Paludate
104 Quai Queyries (Des),104 Quai Des Queyries
104 Route Annecy (D'),104 Route D' Annecy
"104, Route de Vichy (Anc. 64) - N 209",104 64 209 Route De Anc N Vichy
104 Route Epagny (D'),104 Route D' Epagny
104 Route Nationale NÂ°6,104 6 Route Nationale Nâ
104 Route NouaillÃ© (De),104 Route De Nouaillã
104 Route Pontoise De,104 Route De Pontoise
104 Route Thionville (De),104 Route De Thionville
104 Rue 8 Mai 1945 (Du),104 Rue Du 8 Mai 1945
104 Rue Alembert (D'),104 Rue D' Alembert
104 Rue Alphonse Daudet,104 Rue Alphonse Daud et 
104 Rue Baraban,104 Rue Baraban
104 Rue Boudonville,104 Rue Boudonville
104 Rue Briand (Aristide),104 Rue Briand Aristide
104 Rue Briquet (De),104 Rue Briqu et De
104 Rue Charonne,104 Rue Charonne
104 Rue Croix-Barret,104 Rue Croix Barr et 
104 Rue d'Aubervilliers 75019 Paris,104 Rue D Aubervilliers 75019 Paris
"104,  Rue de Bretagne",104 Rue De Br et Agne
104 Rue de Colmar,104 Rue De Colmar
104 Rue Degeorges,104 Rue Degeorges
104 Rue de Guisnes,104 Rue De Guisnes
"104, Rue de la Gare",104 Rue De La Gare
104 Rue de Laxou 54000 Nancy,104 Rue De Laxou Nancy 54000
104 Rue Delecourt (Alfred),104 Rue Delecourt Alfred
104 Rue Denis Papin,104 Rue Denis Papin
104 Rue des Carmes 76000 Rouen,104 Rue Des Carmes Rouen 76000
104 Rue du Bois de ChÃ¢ 54440 Herserange,104 Rue Du De Chã Bois Herserange 54440
104 Rue Emile Cros,104 Rue Emile Cros
104 Rue Emile Romanet,104 Rue Emile Roman et 
104 Rue Francis de PressensÃ©,104 Rue De Francis Pressensã
"104, Rue Gambetta",104 Rue Gamb et Ta
104 Rue Garibaldi 94100 Saint-Maur-des-FossÃ©s,104 Rue Des Garibaldi Saint Maur Fossã S 94100
104 Rue GÃ©nÃ©ral Leclerc,104 Rue Gã Nã Ral Leclerc
104 Rue Grande,104 Rue Grande
104 Rue Grand Pont (Du),104 Rue Du Grand Pont
104 Rue Haies,104 Rue Haies
104 Rue Henry Iv,104 Rue Henry Iv
104 Rue Hilaire de Chardonnet,104 Rue De Hilaire Chardonn et 
104 Rue Italie (D'),104 Rue D' Italie
104 Rue JaurÃ¨s (Jean),104 Rue Jaurã S Jean
104 Rue LaÃ«nnec,104 Rue Laã Nnec
104 Rue la Fayette,104 Rue La Fay et Te
104 Rue Larchant (De),104 Rue De Larchant
104 Rue Litolff (Henri),104 Rue Litolff Henri
104 Rue Livilliers De,104 Rue De Livilliers
104 Rue Louise de Savoie,104 Rue De Louise Savoie
104 Rue Moulin de Cage (Du),104 Rue De Du Moulin Cage
104 Rue Pasteur,104 Rue Pasteur
104 Rue Pierre Corneille,104 Rue Pierre Corneille
104 Rue Poteau,104 Rue Poteau
104 Rue RÃ©aumur,104 Rue Rã Aumur
104 Rue Rosses (Des),104 Rue Des Rosses
104 Rue Ste Catherine,104 Rue Ste Catherine
104 Rue StÃ©phane DÃ©chant,104 Rue Stã Phane Dã Chant
104 Rue Theatre,104 Rue Theatre
104 Rue Tronchet,104 Rue Tronch et 
104 Rue Voltaire,104 Rue Voltaire
104 Ter Rue Antoine Durafour,104 Rue Ter Antoine Durafour
1050 Avenue Burago Di Molgora,1050 Avenue Burago Di Molgora
1050 Boulevard Burdeau,1050 Boulevard Burdeau
1050 Route Beaucaire (De),1050 Route De Beaucaire
1050 Rue aux Thuilliers 76320 Saint-Pierre-lÃ¨s-Elbeuf,1050 Rue Aux Thuilliers Saint Pierre Lã S Elbeuf 76320
1050 Rue Oehmichen,1050 Rue Oehmichen
105/108 Bis Rue Paulin,105/108 Rue Bis Paulin
105/109 Rue Mandron,105/109 Rue Mandron
1051 Avenue Industrie de l' ; Cd 76,1051 Avenue De L' Industrie et 76 Cd
1051 Avenue Jean-FranÃ§ois Champollion,1051 Avenue Jean Franã Ois Champollion
1052 Avenue Uriage (D'),1052 Avenue D' Uriage
1053 Avenue Epinette (De l'),1053 Avenue Epin et De L' Te
1054 Route Marseille (De) // Rn 7,1054 7 Route De Marseille Rn
1055 Chemin Chandillon (De),1055 Chemin De Chandillon
1055 Chemin Moulin Losque (Du),1055 Chemin Du Moulin Losque
1055 Rue LiÃ¨me (De La),1055 Rue De La Liã Me
1057 Route Tabourette (De La),1057 Route Tabour et De La Te
1058 Avenue Salengro (Roger),1058 Avenue Salengro Roger
1059 Route Englannaz (D'),1059 Route D' Englannaz
105 AllÃ©e des Castors 84320 Entraigues-sur-la-Sorgue,105 Des Allã E Castors Entraigues Sur La Sorgue 84320
"105, Av. de Thiers - D906 (Anc. N 106)",105 106 De Av Anc N Thiers
105 Avenue 8 Mai 1945 (Du),105 Avenue Du 8 Mai 1945
105 Avenue Alexis Perroncel,105 Avenue Alexis Perroncel
105 Avenue Aristide Briand,105 Avenue Aristide Briand
105 Avenue Castermant (Du Gendarme),105 Avenue Du Castermant Gendarme
105 Avenue ClÃ©menceau (Georges),105 Avenue Clã Menceau Georges
105 Avenue Combe de Savoie (De La),105 Avenue De De La Combe Savoie
105 Avenue de Gaulle (Du GÃ©nÃ©ral),105 Avenue De Du Gaulle Gã Nã Ral
105 Avenue de la Liberartion - Poitiers,105 Avenue De La Liberartion Poitiers
105 Avenue de Stalingrad 95100 Argenteuil,105 Avenue De Stalingrad Argenteuil 95100
105 Avenue Division Leclerc de La,105 Avenue De La Division Leclerc
105 Avenue Edouard Millaud,105 Avenue Edouard Millaud
105 Avenue Epinette (De l'),105 Avenue Epin et De L' Te
105 Avenue Franklin Roosevelt,105 Avenue Franklin Roosevelt
105 Avenue GÃ©nÃ©ral Leclerc,105 Avenue Gã Nã Ral Leclerc
105 Avenue Jean Mermoz,105 Avenue Jean Mermoz
"105, Avenue Jules Guesde - N 145",105 145 Avenue Jules Guesde N
105 Avenue Magny (De),105 Avenue De Magny
105 Avenue Pasteur,105 Avenue Pasteur
105 Avenue Sadi Carnot,105 Avenue Sadi Carnot
105 Avenue Verdun (De),105 Avenue De Verdun
105 Avenue Xxe Corps (Du),105 Avenue Du Xxe Corps
105 Bd de Finlande Devenu Paul Vaillant-Couturier,105 De Bd Finlande Devenu Paul Couturier Vaillant
"105Bis, Rue Marceau Martin",105Bis Rue Marceau Martin
105 Boulevard Auguste Blanqui,105 Boulevard Auguste Blanqui
105 Boulevard d'Austrasie,105 Boulevard D Austrasie
105 Boulevard de Stalingrad 94400 Vitry-sur-Seine,105 Boulevard De Stalingrad Vitry Sur Seine 94400
105 Boulevard Murat,105 Boulevard Murat
105 Boulevard PÃ©ri (Gabriel),105 Boulevard Pã Gabriel Ri
105 Boulevard Raspail 75006 Paris,105 Boulevard Raspail 75006 Paris
105 Boulevard RÃ©publique de La,105 Boulevard De La Rã Publique
105 Boulevard Suchet 75016 Paris,105 Boulevard Such et 75016 Paris
105 Boulevard Villette,105 Boulevard Vill et Te
105 Boulevard Yves Farge,105 Boulevard Farge Yves
105 Chemin de la MarniÃ¨re 27370 le Bosc du Theil,105 Chemin De La Du Marniã Re Theil Le Bosc 27370
105 Chemin de Suzon,105 Chemin De Suzon
105 Chemin Devant le Grand Bois,105 Chemin Devant Le Grand Bois
105 Cours Gambetta,105 Cours Gamb et Ta
105 Cours Jean JaurÃ¨s,105 Cours Jean Jaurã S
105 Cours TolstoÃ¯,105 Cours Tolstoã
105 Grande Rue,105 Rue Grande
"105, Grande Rue, 89113  Fleury-la-VallÃ©e",105 Rue Grande La Vallã E Fleury 89113
105 Grande Rue Franche,105 Rue Grande Franche
105 Impasse Clot Donat (Du),105 Impasse Du Clot Donat
105 Impasse Valserine (De La),105 Impasse De La Valserine
105 Ligne Paradis Saint-Pierre,105 Paradis Saint Pierre Ligne
105 MontÃ©e Chavillon (De),105 De Montã E Chavillon
105 Place Mairie (De La),105 Place De La Mairie
105 Quai de QueyriÃ©s,105 Quai De Queyriã S
105 Quai Dervaux (Du Docteur),105 Quai Du Dervaux Docteur
105 Quai des Chartrons,105 Quai Des Chartrons
105 Quai Wilson,105 Quai Wilson
105 Route d'Argenteuil 95240 Cormeilles-en-Parisis,105 Route D Argenteuil Cormeilles En Parisis 95240
105 Route de Carpentras 84320 Entraigues-sur-la-Sorgue,105 Route De Carpentras Entraigues Sur La Sorgue 84320
105 Route de Lille Devenu 335 MÃ©trique,105 335 Route De Devenu Mã Trique Lille
105 Route de Vannes,105 Route De Vannes
"105, Route d'Hauterive - Zone Industrielle de la Tour",105 Route De La D Zone Industrielle Tour Hauterive
105 Route du Petit Fossard 77130 Varennes-sur-Seine,105 Route Du P et It Fossard Varennes Sur Seine 77130
105 Route FusillÃ©s de la RÃ©sistance 1940-44 (Des),105 1940 44 Route De La Des Fusillã S Rã Sistance
105 Route Nationale,105 Route Nationale
105 Route Saint-Louis De,105 Route De Saint Louis
105 Route VillevaudÃ© (De),105 Route De Villevaudã
105 Rue 1Er Mars 1943 (Du),105 1Er Rue Du Mars 1943
105 Rue Aigle (De l'),105 Rue De L' Aigle
105 Rue Alsace (D'),105 Rue D' Alsace
105 Rue Antran (D'),105 Rue D' Antran
105 Rue ArÃªnes (Aux),105 Rue Aux
105 Rue Aubervilliers,105 Rue Aubervilliers
105 Rue Avron,105 Rue Avron
105 Rue Bargy (Du),105 Rue Du Bargy
105 Rue Belleville,105 Rue Belleville
105 Rue Caboeufs (Des),105 Rue Des Caboeufs
105 Rue Cambronne,105 Rue Cambronne
105 Rue Cardinet,105 Rue Cardin et 
105 Rue Convention,105 Rue Convention
105 Rue CrÃ©qui (De),105 Rue De Crã Qui
105 Rue CyprÃ¨s (Des),105 Rue Des Cyprã S
"105, Rue de Belleville",105 Rue De Belleville
"105, Rue de la Madeleine",105 Rue De La Madeleine
105 Rue Delbos,105 Rue Delbos
105 Rue de Lorraine (Thaon-les-Vosges) 88150 Thaon-les-Vosges,105 Rue De Lorraine Thaon Les Vosges Thaon Les Vosges 88150
105 Rue de Rotterdam,105 Rue De Rotterdam
"105, Rue des Ambassadeurs",105 Rue Des Ambassadeurs
105 Rue des Hauts PavÃ©s,105 Rue Des Hauts Pavã S
105 Rue Didot,105 Rue Didot
105 Rue du Gal Buat,105 Rue Du Gal Buat
105 Rue du Grand Gigognan 84000 Avignon,105 Rue Du Gigognan Grand Avignon 84000
105 Rue Duguesclin,105 Rue Duguesclin
"105, Rue Frere Temple",105 Rue Frere Temple
105 Rue Gabriel PÃ©ri,105 Rue Gabriel Pã Ri
105 Rue Gare (De La),105 Rue De La Gare
105 Rue Georges Mangin,105 Rue Georges Mangin
105 Rue Gilbert (Du RÃ©vÃ©rend PÃ¨re Christian),105 Rue Du Gilbert Rã Vã Rend Pã Re Christian
105 Rue GlaciÃ¨re,105 Rue Glaciã Re
105 Rue Grande,105 Rue Grande
105 Rue Guesde (Jules),105 Rue Guesde Jules
105 Rue Haxo,105 Rue Haxo
105 Rue Ile de France D,105 Rue De Ile France D
105 Rue Jean JaurÃ¨s,105 Rue Jean Jaurã S
105 Rue Juin (Du MarÃ©chal),105 Rue Du Juin Marã Chal
105 Rue Leclerc (Du GÃ©nÃ©ral),105 Rue Du Leclerc Gã Nã Ral
105 Rue Ledieu,105 Rue Ledieu
105 Rue Leroux 55500 Ligny-en-Barrois,105 Rue Leroux Ligny En Barrois 55500
105 Rue Lille (De),105 Rue De Lille
105 Rue Lourmel,105 Rue Lourmel
105 Rue Marguerites (Des),105 Rue Des Marguerites
105 Rue MassÃ©na,105 Rue Massã Na
105 Rue Moscou (De),105 Rue De Moscou
105 Rue Nationale,105 Rue Nationale
"105, Rue Nationale",105 Rue Nationale
105 Rue Part-Dieu (De La),105 Rue De La Part Dieu
105 Rue PÃ©ri (Gabriel),105 Rue Pã Gabriel Ri
105 Rue Prony (De),105 Rue De Prony
105 Rue Quesne (Du),105 Rue Du Quesne
105 Rue RÃ©publique de La,105 Rue De La Rã Publique
105 Rue Reuilly,105 Rue Reuilly
105 Rue Roche (Sur La),105 Rue Sur La Roche
105 Rue Salvador AllendÃ© 95870 Bezons,105 Rue Salvador Allendã Bezons 95870
105 Rue Sarcelles (Des),105 Rue Des Sarcelles
105 Rue Sully,105 Rue Sully
105 Rue TÃªte d'Or,105 Rue D Or
105 Rue Tolbiac,105 Rue Tolbiac
105 Rue Turgot,105 Rue Turgot
105 Rue Vaillant (Edouard),105 Rue Edouard Vaillant
105 Rue Verdun (De),105 Rue De Verdun
"105 Ter, Rue de la Madeleine",105 Rue De La Ter Madeleine
105 Zone Artisanale les Bouteilles 84810 Aubignan,105 Zone Artisanale Les Bouteilles Aubignan 84810
"106/107, Quai de Paludate",106/107 Quai De Paludate
106-108 Rue Ingres (Anciennement NÂ°114),106 108 114 Rue Ingres Anciennement Nâ
"106-112, Rue Chanzy",106 112 Rue Chanzy
1061 Route Arpigny (D'),1061 Route D' Arpigny
1061 Route Fouilloux (Du),1061 Route Du Fouilloux
1061 Rue Charlieu (De),1061 Rue De Charlieu
1062 Avenue Lyon (De),1062 Avenue De Lyon
1062 Place Chateauras,1062 Place Chateauras
1066 Rue Baillet (Du Docteur),1066 Rue Baill et Du Docteur
1067 Route Nationale 6,1067 6 Route Nationale
1068 Rue de la Gare,1068 Rue De La Gare
1069 Avenue Alpages (Des),1069 Avenue Des Alpages
106 Av de la LibÃ©ration,106 De La Av Libã Ration
106 Avenue 24 Avril 1915 Du,106 Avenue Du 24 Avril 1915
106 Avenue Corse (De La),106 Avenue De La Corse
106 Avenue DauphinÃ© (Du),106 Avenue Du Dauphinã
106 Avenue de Gaulle (Du GÃ©nÃ©ral),106 Avenue De Du Gaulle Gã Nã Ral
106 Avenue de Tarascon 84000 Avignon,106 Avenue De Tarascon Avignon 84000
106 Avenue du GÃ©nÃ©ral Leclerc,106 Avenue Du Gã Nã Ral Leclerc
106 Avenue France (De),106 Avenue De France
106 Avenue Gare (De La),106 Avenue De La Gare
106 Avenue GÃ©nÃ©ral Leclerc,106 Avenue Gã Nã Ral Leclerc
106 Avenue Jean JaurÃ¨s,106 Avenue Jean Jaurã S
106 Avenue Jean JaurÃ¨s 51100 Reims,106 Avenue Jean Jaurã S Reims 51100
106 Avenue MarÃ©chal Foch,106 Avenue Marã Chal Foch
106 Avenue Monclar,106 Avenue Monclar
106 Avenue PrÃ©sident Kennedy,106 Avenue Prã Sident Kennedy
106 Avenue RÃ©publique (De La),106 Avenue De La Rã Publique
"106, Avenue Rubillard",106 Avenue Rubillard
106 Avenue Saxe (De),106 Avenue De Saxe
106 Avenue Timone de La,106 Avenue De La Timone
106 Avenue   Victor Hugo,106 Avenue Victor Hugo
"106, Av. J.F.Kennedy (Anc.Av. de NÃ©ris)",106 De Av J F Kennedy Anc Av Nã Ris
106 Bd Paul Vaillant Couturier 94240 l'HaÃ¿-les-Roses,106 Bd Paul Couturier L Haã Les Roses Vaillant 94240
106 Bis Avenue GÃ©nÃ©ral Leclerc Du,106 Bis Avenue Du Gã Nã Ral Leclerc
106 Bis Boulevard Emile Zola,106 Bis Boulevard Emile Zola
106 Bis Route Fougeres (De),106 Bis Route De Fougeres
106 Bis Rue Albert Thomas,106 Bis Rue Thomas Albert
106 Bis Rue Pasteur,106 Bis Rue Pasteur
106 Bis Rue Rennes,106 Bis Rue Rennes
106 Boulevard Dijon,106 Boulevard Dijon
106 Boulevard Europe (De l'),106 Boulevard De L' Europe
106 Boulevard Hopital,106 Boulevard Hopital
106 Boulevard Paul Vaillant Couturier 94200 Ivry-sur-Seine,106 Boulevard Paul Couturier Vaillant Ivry Sur Seine 94200
106 Boulevard RÃ©publique (De La),106 Boulevard De La Rã Publique
106 Chemin Ouche Buron,106 Chemin Ouche Buron
106 Cours Emile Zola,106 Cours Emile Zola
106 Cours TolstoÃ¯,106 Cours Tolstoã
106 Grande Rue,106 Rue Grande
106 Passage Henri Malartre,106 Passage Henri Malartre
106 Quai des Chartrons,106 Quai Des Chartrons
106 Route Angevillers (D'),106 Route D' Angevillers
106 Route Bayonne (De),106 Route De Bayonne
106 Route Bionnais (De),106 Route De Bionnais
"106 Route Bompas de,  Devenue Avenue du Palais des Expositions",106 Route Avenue De Du Des Devenue Palais Expositions Bompas
106 Route Combe (De La),106 Route De La Combe
106 Route DÃ©partementale 1083,106 1083 Route Dã Partementale
106 Route DÃ©partementale 57,106 57 Route Dã Partementale
106 Route Nationale,106 Route Nationale
106 Route Nationale NÂ°25,106 25 Route Nationale Nâ
106 Route Sallanches (De),106 Route De Sallanches
106 Rue A. et L. Roussel,106 Rue A et L Roussel
106 Rue Amelot,106 Rue Amelot
106 Rue Anvers (D'),106 Rue D' Anvers
106 Rue Aristide Briand 90300 Offemont,106 Rue Aristide Briand Offemont 90300
106 Rue Belleville,106 Rue Belleville
106 Rue Bergson,106 Rue Bergson
106 Rue Berruer,106 Rue Berruer
106 Rue Bugeaud,106 Rue Bugeaud
106 Rue Camille Godart,106 Rue Camille Godart
106 Rue CÃ¨dres (Des),106 Rue Des Cã Dres
106 Rue Convention,106 Rue Convention
106 Rue Coste,106 Rue Coste
106 Rue Croix de Seguey,106 Rue De Seguey Croix
106 Rue Damremont,106 Rue Damremont
"106, Rue de Belfort (Ancienne Route de la Baume)",106 Rue Route De De La Ancienne Baume Belfort
106 Rue de Gaule (GÃ©nÃ©ral Du),106 Rue De Du Gaule Gã Nã Ral
106 Rue de la Bugellerie - Poitiers,106 Rue De La Bugellerie Poitiers
106 Rue de la Jarry 94300 Vincennes,106 Rue De La Jarry Vincennes 94300
106 Rue de la Pompe 75016 Paris,106 Rue De La Pompe 75016 Paris
106 Rue de la VallÃ©e 76600 le Havre,106 Rue De La Vallã E Le Havre 76600
"106, Rue de LÃ©ry",106 Rue De Lã Ry
106 Rue d'Hauterive 59199 Bruille-Saint-Amand,106 Rue D Bruille Saint Amand Hauterive 59199
106 Rue du Chalet 51100 Reims,106 Rue Du Chal et Reims 51100
106 Rue Faubourg Saint Honore,106 Rue Faubourg Saint Honore
106 Rue Folie Mericourt,106 Rue Folie Mericourt
106 Rue FossÃ© Blanc (Du),106 Rue Du Fossã Blanc
106 Rue Gabriel PÃ©ri,106 Rue Gabriel Pã Ri
106 Rue Georges ClÃ©menceau 76210 Bolbec,106 Rue Georges Clã Menceau Bolbec 76210
106 Rue Grande,106 Rue Grande
106 Rue Jean JaurÃ¨s,106 Rue Jean Jaurã S
"106, Rue Jean JaurÃ¨s",106 Rue Jean Jaurã S
106 Rue Jean JaurÃ¨s 42800 Rive-de-Gier,106 Rue De Jean Jaurã S Rive Gier 42800
106 Rue Lourmel,106 Rue Lourmel
106 Rue Martainville 76000 Rouen,106 Rue Martainville Rouen 76000
106 Rue Monge,106 Rue Monge
106 Rue Mont-Cenis (Du),106 Rue Du Cenis Mont
106 Rue Moulin de Cage (Du),106 Rue De Du Moulin Cage
106 Rue Nationale,106 Rue Nationale
"106, Rue Nationale",106 Rue Nationale
106 Rue Nationale (Anciennement NÂ°112),106 112 Rue Nationale Anciennement Nâ
106 Rue Paris De,106 Rue De Paris
106 Rue Pierre Semard 76140 le Petit-Quevilly,106 Rue Pierre Semard Le P 76140 et It Quevilly
106 Rue RÃ©publique 83140 Six-Fours-les-Plages,106 Rue Rã Publique Six Fours Les Plages 83140
106 Rue RÃ©publique (De La),106 Rue De La Rã Publique
106 Rue St Sernin,106 Rue St Sernin
106 Rue Tennerolles (Des),106 Rue Des Tennerolles
106 Rue Vidaillac De,106 Rue De Vidaillac
1070 Rue de l'Ange 01100 Bellignat,1070 Rue De L Ange Bellignat 01100
"107, 109, 113, Rue Georges Bonnac",107 109 113 Rue Georges Bonnac
"107/109, Avenue de la Pelouse de Douet",107/109 Avenue De La De Dou Pelouse et 
"107-109, Avenue Maurice Berteaux",107 109 Avenue Maurice Berteaux
"107/109, Chemin de la Pelouse",107/109 Chemin De La Pelouse
1075 Route Planche-Cattin (De),1075 Route De Planche Cattin
107 AllÃ©e Chardilonnay,107 Allã E Chardilonnay
107 AllÃ©e ChÃ¢taigniers (Des),107 Des Allã E Chã Taigniers
107 Avenue Aristide Briand 27930 Gravigny,107 Avenue Aristide Briand Gravigny 27930
107 Avenue Briand (Aristide),107 Avenue Briand Aristide
107 Avenue Brossolette (Pierre),107 Avenue Brossol et Te Pierre
107 Avenue Carnot,107 Avenue Carnot
107 Avenue Castermant (Du Gendarme),107 Avenue Du Castermant Gendarme
107 Avenue Charles de Gaulle,107 Avenue De Charles Gaulle
107 Avenue de l'Etrade,107 Avenue De L Etrade
107 Avenue de l'Ãtrade,107 Avenue De L' Ã Trade
107 Avenue du Marechal de Lattrede Tassigny,107 Avenue Du De Marechal Lattrede Tassigny
107 Avenue Fontainebleau (De),107 Avenue De Fontainebleau
107 Avenue Francis de PressensÃ©,107 Avenue De Francis Pressensã
107 Avenue GÃ©nÃ©ral Leclerc,107 Avenue Gã Nã Ral Leclerc
107 Avenue Leclerc (Du MarÃ©chal),107 Avenue Du Leclerc Marã Chal
107 Avenue MarÃ©chal de Saxe (Du),107 Avenue De Du Marã Chal Saxe
107 Avenue Maurice Thorez,107 Avenue Maurice Thorez
107 Avenue Michelet 93400 Saint-Ouen-sur-Seine,107 Avenue Michel et Saint Ouen Sur Seine 93400
107 Avenue Pierre et Marie Curie,107 Avenue Pierre et Curie Marie
107 Avenue Pierre Semard 94210 Saint-Maur-des-FossÃ©s,107 Avenue Des Pierre Semard Saint Maur Fossã S 94210
107 Avenue Raymond PoincarÃ©,107 Avenue Poincarã Raymond
107 Avenue RÃ©publique (De La),107 Avenue De La Rã Publique
"107, Avenue Rubillard",107 Avenue Rubillard
107 Avenue Stalingrad De,107 Avenue De Stalingrad
107 Bis Avenue Italie,107 Bis Avenue Italie
107 Bis Rue Henri Barbusse,107 Bis Rue Henri Barbusse
107 Boulevard Antonio Vivaldi,107 Boulevard Antonio Vivaldi
107 Boulevard Austrasie (D'),107 Boulevard D' Austrasie
107 Boulevard Haussonville (D'),107 Boulevard D' Haussonville
107 Boulevard Liane (De La),107 Boulevard De La Liane
107 Boulevard Menilmontant,107 Boulevard Menilmontant
107 Boulevard MÃ©nilmontant,107 Boulevard Mã Nilmontant
"107, Boulevard Thermal",107 Boulevard Thermal
107 Boulevard Vivier-Merle,107 Boulevard Vivier Merle
107 ChaussÃ©e Jules CÃ©sar,107 Chaussã E Jules Cã Sar
107 Chemin des Vignes 01360 Bressolles,107 Chemin Des Vignes Bressolles 01360
"107 et 109, Avenue Roger Salengro",107 et 109 Avenue Roger Salengro
107 Faubourg du Fond de Givonne 08200 Sedan,107 Du De Faubourg Fond Givonne Sedan 08200
107 Impasse Oratoire (De l'),107 Impasse De L' Oratoire
107 Route BÃ©thune (De),107 Route De Bã Thune
"107, Route de Lyon (Rn 6) , 71 MÃ¢con",107 6 71 Route De Lyon Rn Mã Con
107 Route DÃ©partementale 937,107 937 Route Dã Partementale
